name,slug,aliases,category_key,category_name,market_status,recruitment_status,is_active,website_url,website_url_status,source_urls
36 MINUT,36-minut,,health-fitness,Sport i zdrowie,listed,listed_offer,True,,missing,https://franczyzawpolsce.pl/baza-sieci/sport-i-zdrowie/36minut/
4F,4f,,health-fitness,Sport i zdrowie,listed,listed_offer,True,,missing,https://franchising.pl/franczyza/363/4f/
5 a sec,5asec,,services,Usługi dla konsumentów,uncertain,unknown,True,https://www.5asec.pl,unverified_seed,https://www.5asec.pl
5.10.15.,5-10-15,,fashion,Odzież i obuwie,listed,listed_offer,True,,missing,https://franchising.pl/franczyza/418/5-10-15/
Abakus Europe,abakus-europe,,education,Edukacja,listed,listed_offer,True,,missing,https://franchising.pl/franczyza/1849/abakus-europe/
Abakus Europe Centrum Arytmetyki Mentalnej i BrainFitness,abakus-europe-centrum-arytmetyki-mentalnej-i-brainfitness,,education,Edukacja,listed,listed_offer,True,,missing,https://franczyzawpolsce.pl/baza-sieci/edukacja/abakus-europe-arytmetyka-mentalna/
abc,abc,,food-retail,Artykuły spożywcze,uncertain,unknown,True,https://www.sklepyabc.pl,unverified_seed,https://www.sklepyabc.pl
Agencja Marketingowa Wertui,agencja-marketingowa-wertui,,business-services,Usługi dla biznesu,listed,listed_offer,True,,missing,https://franchising.pl/franczyza/2440/agencja-marketingowa-wertui/
AgencjaTlumaczen.pl,agencjatlumaczen-pl,,other,Pozostałe,listed,listed_offer,True,,missing,https://franchising.pl/franczyza/1310/agencjatlumaczen-pl/
Agencjawirtualna,agencjawirtualna,,business-services,Usługi dla biznesu,listed,listed_offer,True,,missing,https://franchising.pl/franczyza/1965/agencjawirtualna/
Akademia Bystrzak,akademia-bystrzak,,education,Edukacja,uncertain,unknown,True,https://bystrzak.edu.pl,unverified_seed,https://bystrzak.edu.pl
Akademia Młodych Sportowców,akademia-modych-sportowcow,,health-fitness,Sport i zdrowie,listed,listed_offer,True,,missing,https://franchising.pl/franczyza/2380/akademia-mlodych-sportowcow/
Akademia Pamięci,akademia-pamieci,,health-fitness,Sport i zdrowie,listed,listed_offer,True,,missing,https://franchising.pl/franczyza/2390/akademia-pamieci/
Al.Capone,al-capone,,food-retail,Artykuły spożywcze,listed,listed_offer,True,,missing,https://franchising.pl/franczyza/1687/al-capone/
Ale Animale Polskie Sklepy Zoologiczne,ale-animale-polskie-sklepy-zoologiczne,,retail,Handel detaliczny,listed,listed_offer,True,,missing,https://franchising.pl/franczyza/2399/animale-polskie-sklepy-zoologiczne/
ALIOR BANK,alior-bank,,finance,Finanse i ubezpieczenia,listed,listed_offer,True,,missing,https://franczyzawpolsce.pl/baza-sieci/finanse-i-ubezpieczenia/alior-bank/
Alior Bank Partner,alior-bank-partner,,finance,Finanse i ubezpieczenia,listed,listed_offer,True,,missing,https://franchising.pl/franczyza/803/alior-bank-partner/
AMAkids Polska,amakids-polska,,education,Edukacja,listed,listed_offer,True,,missing,https://franchising.pl/franczyza/2118/amakids-polska/
Aspect Nieruchomości,aspect-nieruchomosci,,property,Nieruchomości,listed,listed_offer,True,,missing,https://franchising.pl/franczyza/1006/aspect-nieruchomosci/
Auchan,auchan,,food-retail,Artykuły spożywcze,listed,listed_offer,True,,missing,https://franchising.pl/franczyza/2054/auchan/
Bafra Kebab,bafra-kebab,,gastronomy,Gastronomia,listed,listed_offer,True,,missing,https://franchising.pl/franczyza/1740/bafra-kebab/
Bank Pekao S.A.,bank-pekao-s-a,,finance,Finanse i ubezpieczenia,listed,listed_offer,True,,missing,https://franchising.pl/franczyza/2275/bank-pekao-s/
BeefBus,beefbus,,gastronomy,Gastronomia,listed,listed_offer,True,,missing,https://franchising.pl/franczyza/2422/beefbus/
Benek Pizza i Gruby Benek,benek-pizza-i-gruby-benek,,gastronomy,Gastronomia,listed,listed_offer,True,,missing,https://franczyzawpolsce.pl/baza-sieci/gastronomia/benek-pizza-i-gruby-benek/
Berlin Döner Kebap,berlin-doner-kebap,,gastronomy,Gastronomia,listed,listed_offer,True,,missing,https://franchising.pl/franczyza/1644/berlin-doner-kebap/ | https://franczyzawpolsce.pl/baza-sieci/gastronomia/berlin-doner-kebap/
Best Brain,best-brain,,education,Edukacja,listed,listed_offer,True,,missing,https://franchising.pl/franczyza/2406/best-brain/
Beza Krówka Lody Rzemieślnicze,beza-krowka-lody-rzemieslnicze,,gastronomy,Gastronomia,listed,listed_offer,True,,missing,https://franchising.pl/franczyza/2262/beza-krowka-lody-rzemieslnicze/
Bike Atelier – sieć sklepów i serwisów rowerowych,bike-atelier-siec-sklepow-i-serwisow-rowerowych,,health-fitness,Sport i zdrowie,listed,listed_offer,True,,missing,https://franczyzawpolsce.pl/baza-sieci/sport-i-zdrowie/bike-atelier-siec-sklepow-i-serwisow-rowerowych/
Bike Café,bike-cafe,,gastronomy,Gastronomia,listed,listed_offer,True,,missing,https://franchising.pl/franczyza/1450/bike-cafe/
Blue Shadow,blue-shadow,,fashion,Odzież i obuwie,listed,listed_offer,True,,missing,https://franchising.pl/franczyza/1243/blue-shadow/
Body Evolution,body-evolution,,other,Pozostałe,listed,listed_offer,True,,missing,https://franchising.pl/franczyza/1948/body-evolution/
Body Evolution Polska,body-evolution-polska,,beauty,Uroda i kosmetyki,listed,listed_offer,True,,missing,https://franczyzawpolsce.pl/baza-sieci/uroda-i-kosmetyki/body-evolution-polska/
Brazilian Soccer Schools,brazilian-soccer-schools,,education,Edukacja,listed,listed_offer,True,,missing,https://franchising.pl/franczyza/1692/brazilian-soccer-schools/
BRAZILIAN SOCCER SCHOOLS (BSS),brazilian-soccer-schools-bss,,education,Edukacja,listed,listed_offer,True,,missing,https://franczyzawpolsce.pl/baza-sieci/edukacja/brazilian-soccer-schools-bss/
Bricks 4 Kidz,bricks-4-kidz,,education,Edukacja,uncertain,unknown,True,https://www.bricks4kidz.com,unverified_seed,https://www.bricks4kidz.com
BRICOMARCHÉ,bricomarche,,home-garden,Dom i ogród,listed,listed_offer,True,,missing,https://franczyzawpolsce.pl/baza-sieci/wszystko-dla-domu-i-ogrodu/bricomarche/
Bricomarché (Grupa Muszkieterów),bricomarche-grupa-muszkieterow,,food-retail,Artykuły spożywcze,listed,listed_offer,True,,missing,https://franchising.pl/franczyza/277/bricomarche-grupa-muszkieterow/
Bridal Space,bridal-space,,other,Pozostałe,listed,listed_offer,True,,missing,https://franchising.pl/franczyza/2409/bridal-space/
Burger King®,burger-king,,gastronomy,Gastronomia,listed,listed_offer,True,,missing,https://franchising.pl/franczyza/2410/burger-kingr/
Cafe Słodziak,cafe-sodziak,,gastronomy,Gastronomia,listed,listed_offer,True,,missing,https://franchising.pl/franczyza/2249/cafe-slodziak/
Candy Pop,candy-pop,,retail,Handel detaliczny,listed,listed_offer,True,,missing,https://franchising.pl/franczyza/2341/candy-pop/
Car for You,car-for-you,,finance,Finanse i ubezpieczenia,listed,listed_offer,True,,missing,https://franchising.pl/franczyza/1979/car-for-you/
Carrefour,carrefour,,food-retail,Artykuły spożywcze,listed,listed_offer,True,,missing,https://franchising.pl/franczyza/400/carrefour/
CARREFOUR EXPRESS,carrefour-express,,food-retail,Artykuły spożywcze,listed,listed_offer,True,,missing,https://franczyzawpolsce.pl/baza-sieci/artykuly-spozywcze/carrefour-express/
Carré Blanc,carre-blanc,,other,Pozostałe,listed,listed_offer,True,,missing,https://franchising.pl/franczyza/2421/carre-blanc/
Centrum Terapii Alma,centrum-terapii-alma,,health-fitness,Sport i zdrowie,listed,listed_offer,True,,missing,https://franchising.pl/franczyza/2434/centrum-terapii-alma/
Change Lingerie,change-lingerie,,fashion,Odzież i obuwie,listed,listed_offer,True,,missing,https://franchising.pl/franczyza/2427/change-lingerie/
Chinkalnia,chinkalnia,,gastronomy,Gastronomia,listed,listed_offer,True,,missing,https://franchising.pl/franczyza/1714/chinkalnia/
Chorten,chorten,,food-retail,Artykuły spożywcze,listed,listed_offer,True,,missing,https://franchising.pl/franczyza/2294/chorten/
CityFit,cityfit,,health-fitness,Sport i zdrowie,uncertain,unknown,True,https://cityfit.pl,unverified_seed,https://cityfit.pl
CleanWhale,cleanwhale,,services,Usługi dla konsumentów,uncertain,unknown,True,https://cleanwhale.pl,unverified_seed,https://cleanwhale.pl
Coccodrillo,coccodrillo,,fashion,Odzież i obuwie,listed,listed_offer,True,,missing,https://franchising.pl/franczyza/722/coccodrillo/
Code Kids,code-kids,,education,Edukacja,uncertain,unknown,True,https://codekids.pl,unverified_seed,https://codekids.pl
Cortez,cortez,,food-retail,Artykuły spożywcze,listed,listed_offer,True,,missing,https://franchising.pl/franczyza/2117/cortez/
Costa Coffee,costa-coffee,,gastronomy,Gastronomia,listed,listed_offer,True,,missing,https://franchising.pl/franczyza/2398/costa-coffee/
COVRIG,covrig,,gastronomy,Gastronomia,listed,listed_offer,True,,missing,https://franczyzawpolsce.pl/baza-sieci/gastronomia/covrig/
Crazy Bubble,crazy-bubble,,gastronomy,Gastronomia,uncertain,unknown,True,https://crazybubble.pl,unverified_seed,https://crazybubble.pl
Cukrem i Solą,cukrem-i-sola,,other,Pozostałe,listed,listed_offer,True,,missing,https://franchising.pl/franczyza/2128/cukrem-sola/
Czas na Herbatę,czas-na-herbate,,retail,Handel detaliczny,listed,listed_offer,True,,missing,https://franchising.pl/franczyza/413/czas-herbate/
CzystaSprawa24.pl,czystasprawa24-pl,,home-garden,Dom i ogród,listed,listed_offer,True,,missing,https://franczyzawpolsce.pl/baza-sieci/wszystko-dla-domu-i-ogrodu/czystasprawa24-pl/
Da Grasso,da-grasso,,other,Pozostałe,listed,listed_offer,True,,missing,https://franchising.pl/franczyza/181/da-grasso/
Da Vinci,da-vinci,,education,Edukacja,uncertain,unknown,True,https://davinci.edu.pl,unverified_seed,https://davinci.edu.pl
DDD Dobre Dla Domu,ddd-dobre-dla-domu,,retail,Handel detaliczny,listed,listed_offer,True,,missing,https://franchising.pl/franczyza/728/ddd-dobre-dla-domu/
Delikatesy Centrum,delikatesy-centrum,,food-retail,Artykuły spożywcze,listed,listed_offer,True,,missing,https://franchising.pl/franczyza/138/delikatesy-centrum/
Depilacja.pl,depilacja-pl,,beauty,Uroda i kosmetyki,listed,listed_offer,True,,missing,https://franchising.pl/franczyza/1999/depilacja-pl/
DepilConcept,depilconcept,,beauty,Uroda i kosmetyki,listed,listed_offer,True,,missing,https://franchising.pl/franczyza/811/depilconcept/
DG - Inwest Broker Finansowy,dg-inwest-broker-finansowy,,finance,Finanse i ubezpieczenia,listed,listed_offer,True,,missing,https://franchising.pl/franczyza/963/dg-inwest-broker-finansowy/
DG Restauracje,dg-restauracje,,gastronomy,Gastronomia,listed,listed_offer,True,,missing,https://franchising.pl/franczyza/1813/dg-restauracje/
Diament Expert,diament-expert,,retail,Handel detaliczny,listed,listed_offer,True,,missing,https://franchising.pl/franczyza/2441/diament-expert/
Dobra Pączkarnia,dobra-paczkarnia,,other,Pozostałe,listed,listed_offer,True,,missing,https://franchising.pl/franczyza/1658/dobra-paczkarnia/
Dobre Oko,dobre-oko,,other,Pozostałe,listed,listed_offer,True,,missing,https://franchising.pl/franczyza/2006/dobre-oko/
Dom Ubezpieczeniowy Spectrum,dom-ubezpieczeniowy-spectrum,DOM UBEZPIECZENIOWY SPECTRUM,finance,Finanse i ubezpieczenia,listed,listed_offer,True,,missing,https://franchising.pl/franczyza/1293/dom-ubezpieczeniowy-spectrum/ | https://franczyzawpolsce.pl/baza-sieci/finanse-i-ubezpieczenia/dom-ubezpieczeniowy-spectrum/
Domino’s Pizza,dominos-pizza,,other,Pozostałe,listed,listed_offer,True,,missing,https://franchising.pl/franczyza/1590/dominos-pizza/
Doskoi,doskoi,,gastronomy,Gastronomia,listed,listed_offer,True,,missing,https://franchising.pl/franczyza/2339/doskoi/
Dr Konopny,dr-konopny,,other,Pozostałe,listed,listed_offer,True,,missing,https://franchising.pl/franczyza/2186/dr-konopny/
Dr Materac,dr-materac,,retail,Handel detaliczny,listed,listed_offer,True,,missing,https://franchising.pl/franczyza/2213/dr-materac/
DRM-LND,drm-lnd,,retail,Handel detaliczny,listed,listed_offer,True,,missing,https://franchising.pl/franczyza/2414/drm-lnd/
Duży Ben Market Alkoholowy,duzy-ben-market-alkoholowy,,food-retail,Artykuły spożywcze,listed,listed_offer,True,,missing,https://franchising.pl/franczyza/2242/duzy-ben-market-alkoholowy/
Dzikie Pląsy,dzikie-plasy,,other,Pozostałe,listed,listed_offer,True,,missing,https://franchising.pl/franczyza/2298/dzikie-plasy/
EARLY STAGE,early-stage,,education,Edukacja,listed,listed_offer,True,,missing,https://franczyzawpolsce.pl/baza-sieci/edukacja/early-stage/
Edu3Dkacja,edu3dkacja,,education,Edukacja,listed,listed_offer,True,,missing,https://franchising.pl/franczyza/2072/edu3dkacja/
Edukido,edukido,,education,Edukacja,listed,listed_offer,True,,missing,https://franchising.pl/franczyza/1762/edukido/
Emotka,emotka,,education,Edukacja,listed,listed_offer,True,,missing,https://franchising.pl/franczyza/2381/emotka/ | https://franczyzawpolsce.pl/baza-sieci/edukacja/emotka/
EMS FitFactory,ems-fitfactory,,health-fitness,Sport i zdrowie,listed,listed_offer,True,,missing,https://franchising.pl/franczyza/2046/ems-fitfactory/
Enea Partner,enea-partner,,retail,Handel detaliczny,listed,listed_offer,True,,missing,https://franchising.pl/franczyza/2431/enea-partner/
epaka.pl,epaka,,services,Usługi dla konsumentów,listed,listed_offer,True,https://www.epaka.pl,unverified_seed,https://franchising.pl/franczyza/1231/epaka-pl/ | https://www.epaka.pl
Erste Bank Polska,erste-bank-polska,,finance,Finanse i ubezpieczenia,listed,listed_offer,True,,missing,https://franchising.pl/franczyza/1938/erste-bank-polska/
Esotiq,esotiq,,fashion,Odzież i obuwie,listed,listed_offer,True,,missing,https://franchising.pl/franczyza/573/esotiq/
Estetic Point,estetic-point,,beauty,Uroda i kosmetyki,listed,listed_offer,True,,missing,https://franchising.pl/franczyza/2388/estetic-point/
Express House Real Estate,express-house-real-estate,,property,Nieruchomości,listed,listed_offer,True,,missing,https://franchising.pl/franczyza/2270/express-house-real-estate/
Express Pizza American Style,express-pizza-american-style,,other,Pozostałe,listed,listed_offer,True,,missing,https://franchising.pl/franczyza/1765/express-pizza-american-style/
Extra Services,extra-services,,services,Usługi dla konsumentów,listed,listed_offer,True,,missing,https://franchising.pl/franczyza/1792/extra-services/
Extrakantor.pl,extrakantor-pl,,other,Pozostałe,listed,listed_offer,True,,missing,https://franchising.pl/franczyza/1592/extrakantor-pl/
Fajne Miejsce,fajne-miejsce,,other,Pozostałe,listed,listed_offer,True,,missing,https://franchising.pl/franczyza/2395/fajne-miejsce/
Fashion Laundromat,fashion-laundromat,,other,Pozostałe,listed,listed_offer,True,,missing,https://franchising.pl/franczyza/2375/fashion-laundromat/
FASTKAVA,fastkava,,gastronomy,Gastronomia,listed,listed_offer,True,,missing,https://franchising.pl/franczyza/2442/fastkava/
Fit Cake,fit-cake,,other,Pozostałe,listed,listed_offer,True,,missing,https://franchising.pl/franczyza/1899/fit-cake/
FIT CAKE NIECUKIERNIA.PL,fit-cake-niecukiernia-pl,,gastronomy,Gastronomia,listed,listed_offer,True,,missing,https://franczyzawpolsce.pl/baza-sieci/gastronomia/fit-cake-niecukiernia-pl/
FIT Style,fit-style,,health-fitness,Sport i zdrowie,listed,listed_offer,True,,missing,https://franchising.pl/franczyza/2432/fit-style/
Fit+,fit-plus,,health-fitness,Sport i zdrowie,listed,listed_offer,True,,missing,https://franchising.pl/franczyza/2277/fit/
Fizjoacademy,fizjoacademy,,other,Pozostałe,listed,listed_offer,True,,missing,https://franchising.pl/franczyza/2444/fizjoacademy/
Flaster,flaster,,other,Pozostałe,listed,listed_offer,True,,missing,https://franchising.pl/franczyza/2413/flaster/
FranczyzaLangos.pl – Biznes w 14 dni,franczyzalangos-pl-biznes-w-14-dni,,gastronomy,Gastronomia,listed,listed_offer,True,,missing,https://franczyzawpolsce.pl/baza-sieci/gastronomia/franczyzalangos-pl-biznes-w-14-dni/
Freedom Franchise,freedom-franchise,,property,Nieruchomości,listed,listed_offer,True,,missing,https://franchising.pl/franczyza/1418/freedom-franchise/
Fruitisimo,fruitisimo,,other,Pozostałe,listed,listed_offer,True,,missing,https://franchising.pl/franczyza/1982/fruitisimo/
Furgonetka Punkt,furgonetka-punkt,,services,Usługi dla konsumentów,listed,listed_offer,True,,missing,https://franchising.pl/franczyza/2094/furgonetka-punkt/
Galileusz,galileusz,,education,Edukacja,listed,listed_offer,True,,missing,https://franchising.pl/franczyza/1425/galileusz/
Gatta,gatta,,retail,Handel detaliczny,listed,listed_offer,True,,missing,https://franchising.pl/franczyza/1207/gatta/
Generali,generali,,finance,Finanse i ubezpieczenia,listed,listed_offer,True,,missing,https://franchising.pl/franczyza/2244/generali/
Gentlemen Barber Shop,gentlemen-barber-shop,,other,Pozostałe,listed,listed_offer,True,,missing,https://franchising.pl/franczyza/2269/gentlemen-barber-shop/
Giant,giant,,services,Usługi dla konsumentów,listed,listed_offer,True,,missing,https://franchising.pl/franczyza/2273/giant/
Giganci Programowania,giganci-programowania,,fashion,Odzież i obuwie,listed,listed_offer,True,,missing,https://franchising.pl/franczyza/1863/giganci-programowania/
Global Neovision,global-neovision,,services,Usługi dla konsumentów,listed,listed_offer,True,,missing,https://franchising.pl/franczyza/2272/global-neovision/
Good Chicken,good-chicken,,other,Pozostałe,listed,listed_offer,True,,missing,https://franchising.pl/franczyza/2330/good-chicken/
Granit Quality Parts,granit-quality-parts,,retail,Handel detaliczny,listed,listed_offer,True,,missing,https://franchising.pl/franczyza/1823/granit-quality-parts/
Greathouse,greathouse,,property,Nieruchomości,listed,listed_offer,True,,missing,https://franchising.pl/franczyza/2260/greathouse/
Greenpoint,greenpoint,GREENPOINT,fashion,Odzież i obuwie,listed,listed_offer,True,,missing,https://franchising.pl/franczyza/376/greenpoint/ | https://franczyzawpolsce.pl/baza-sieci/odziez-i-obuwie/greenpoint/
Groszek,groszek,,food-retail,Artykuły spożywcze,uncertain,unknown,True,https://www.groszek.com.pl,unverified_seed,https://www.groszek.com.pl
Gruby Benek,gruby-benek,,other,Pozostałe,listed,listed_offer,True,,missing,https://franchising.pl/franczyza/542/gruby-benek/
Grupa WGN,grupa-wgn,,property,Nieruchomości,listed,listed_offer,True,,missing,https://franchising.pl/franczyza/666/grupa-wgn/
Haircut Express,haircut-express,,beauty,Uroda i kosmetyki,listed,listed_offer,True,,missing,https://franchising.pl/franczyza/1486/haircut-express/
Helen Doron English,helen-doron,Helen Doron English / Español,education,Edukacja,listed,listed_offer,True,https://www.helendoron.pl,unverified_seed,https://franchising.pl/franczyza/5/helen-doron-english-espanol/ | https://www.helendoron.pl
HeroVR,herovr,,other,Pozostałe,listed,listed_offer,True,,missing,https://franchising.pl/franczyza/2404/herovr/
Homla,homla,,retail,Handel detaliczny,listed,listed_offer,True,,missing,https://franchising.pl/franczyza/2217/homla/
Husse,husse,,other,Pozostałe,listed,listed_offer,True,,missing,https://franchising.pl/franczyza/521/husse/
In.Time,in-time,IN.TIME,health-fitness,Sport i zdrowie,listed,listed_offer,True,,missing,https://franchising.pl/franczyza/2201/in-time/ | https://franczyzawpolsce.pl/baza-sieci/sport-i-zdrowie/in-time/
INTERMARCHÉ,intermarche,,food-retail,Artykuły spożywcze,listed,listed_offer,True,,missing,https://franczyzawpolsce.pl/baza-sieci/artykuly-spozywcze/intermarche/
Intermarché (Grupa Muszkieterów),intermarche-grupa-muszkieterow,,food-retail,Artykuły spożywcze,listed,listed_offer,True,,missing,https://franchising.pl/franczyza/13/intermarche-grupa-muszkieterow/
Islak Burger,islak-burger,,gastronomy,Gastronomia,listed,listed_offer,True,,missing,https://franchising.pl/franczyza/2401/islak-burger/
Jack & Jones,jack-and-jones,,fashion,Odzież i obuwie,listed,listed_offer,True,,missing,https://franchising.pl/franczyza/2443/jack-jones/
Jasmine Oriental Massage & Spa,jasmine-oriental-massage-and-spa,,other,Pozostałe,listed,listed_offer,True,,missing,https://franchising.pl/franczyza/2264/jasmine-oriental-massage-spa/
Jesion Inwestycje,jesion-inwestycje,,other,Pozostałe,listed,listed_offer,True,,missing,https://franchising.pl/franczyza/2418/jesion-inwestycje/
Jump4U Parki Trampolin,jump4u-parki-trampolin,,other,Pozostałe,listed,listed_offer,True,,missing,https://franchising.pl/franczyza/2348/jump4u-parki-trampolin/
Kangu Self Storage – magazyny samoobsługowe,kangu-self-storage-magazyny-samoobsugowe,,services,Usługi dla konsumentów,listed,listed_offer,True,,missing,https://franczyzawpolsce.pl/baza-sieci/uslugi-dla-klientow-indywidualnych/kangu-self-storage-magazyny-samoobslugowe/
KawoWiniarnia,kawowiniarnia,,gastronomy,Gastronomia,listed,listed_offer,True,,missing,https://franchising.pl/franczyza/2382/kawowiniarnia/
Kebab u Buły,kebab-u-buy,,gastronomy,Gastronomia,listed,listed_offer,True,,missing,https://franchising.pl/franczyza/2429/kebab-buly/
Kebab u Pajdy,kebab-u-pajdy,,gastronomy,Gastronomia,listed,listed_offer,True,,missing,https://franchising.pl/franczyza/2430/kebab-pajdy/
KFC,kfc,,gastronomy,Gastronomia,active,unknown,True,https://kfc.pl/,unverified_seed,https://kfc.pl/o-nas
Kids&Us,kids-and-us,,education,Edukacja,listed,listed_offer,True,,missing,https://franchising.pl/franczyza/2416/kids-us/
KnockKnock,knockknock,,other,Pozostałe,listed,listed_offer,True,,missing,https://franchising.pl/franczyza/2284/knockknock/
Kodano Optyk,kodano-optyk,,other,Pozostałe,listed,listed_offer,True,,missing,https://franchising.pl/franczyza/2176/kodano-optyk/
Koku Sushi,koku-sushi,,gastronomy,Gastronomia,listed,listed_offer,True,,missing,https://franchising.pl/franczyza/1286/koku-sushi/
Komandor,komandor,,home-garden,Dom i ogród,listed,listed_offer,True,,missing,https://franchising.pl/franczyza/176/komandor/
Komfort,komfort,,retail,Handel detaliczny,listed,listed_offer,True,,missing,https://franchising.pl/franczyza/454/komfort/
Kosmetyczne Instytuty Dr Irena Eris,kosmetyczne-instytuty-dr-irena-eris,,beauty,Uroda i kosmetyki,listed,listed_offer,True,,missing,https://franchising.pl/franczyza/92/kosmetyczne-instytuty-dr-irena-eris/
Kosmetyczny Instytut Dr Irena Eris,kosmetyczny-instytut-dr-irena-eris,,beauty,Uroda i kosmetyki,listed,listed_offer,True,,missing,https://franczyzawpolsce.pl/baza-sieci/uroda-i-kosmetyki/dr-irena-eris-kosmetyczne-instytuty/
Kołacz na Okrągło,kolacz-na-okraglo,,gastronomy,Gastronomia,uncertain,unknown,True,https://kolaczonakraglo.pl,unverified_seed,https://kolaczonakraglo.pl
Krishome,krishome,,retail,Handel detaliczny,listed,listed_offer,True,,missing,https://franchising.pl/franczyza/2319/krishome/
Kross,kross,KROSS,services,Usługi dla konsumentów,listed,listed_offer,True,,missing,https://franchising.pl/franczyza/2433/kross/ | https://franczyzawpolsce.pl/baza-sieci/sport-i-zdrowie/kross/
Krowa Mać Burgers,krowa-mac-burgers,,gastronomy,Gastronomia,listed,listed_offer,True,,missing,https://franchising.pl/franczyza/2196/krowa-mac-burgers/
Kurcze Pieczone,kurcze-pieczone,,gastronomy,Gastronomia,listed,listed_offer,True,,missing,https://franchising.pl/franczyza/230/kurcze-pieczone/
La Mancha,la-mancha,,education,Edukacja,listed,listed_offer,True,,missing,https://franchising.pl/franczyza/1934/la-mancha/
Lewiatan,lewiatan,Polska Sieć Handlowa Lewiatan,food-retail,Artykuły spożywcze,listed,listed_offer,True,https://www.lewiatan.pl,unverified_seed,https://franchising.pl/franczyza/300/polska-siec-handlowa-lewiatan/ | https://www.lewiatan.pl
Lingotot,lingotot,,education,Edukacja,listed,listed_offer,True,,missing,https://franchising.pl/franczyza/2403/lingotot/
Lodolandia,lodolandia,Lodolandia & Kołacz,gastronomy,Gastronomia,listed,listed_offer,True,https://lodolandia.pl,unverified_seed,https://franchising.pl/franczyza/1475/lodolandia-kolacz/ | https://lodolandia.pl
Lody Bonano,lody-bonano,,gastronomy,Gastronomia,uncertain,unknown,True,https://lodybonano.pl,unverified_seed,https://lodybonano.pl
LucArt,lucart,,automotive,Motoryzacja,listed,listed_offer,True,,missing,https://franchising.pl/franczyza/1302/lucart/
Lviv Croissants,lviv-croissants,,gastronomy,Gastronomia,listed,listed_offer,True,,missing,https://franchising.pl/franczyza/2253/lviv-croissants/
Mail Boxes Etc.,mail-boxes-etc,,services,Usługi dla konsumentów,listed,listed_offer,True,,missing,https://franchising.pl/franczyza/25/mail-boxes-etc/
Makarun,makarun,,gastronomy,Gastronomia,uncertain,unknown,True,https://makarun.pl,unverified_seed,https://makarun.pl
MathRiders,mathriders,MathRiders Polska,education,Edukacja,listed,listed_offer,True,https://mathriders.pl,unverified_seed,https://franchising.pl/franczyza/1313/mathriders-polska/ | https://mathriders.pl
Matplus - matematyka dla dzieci 4-15 lat,matplus-matematyka-dla-dzieci-4-15-lat,,education,Edukacja,listed,listed_offer,True,,missing,https://franchising.pl/franczyza/2309/matplus-matematyka-dla-dzieci-4-15-lat/
Mazfor,mazfor,,finance,Finanse i ubezpieczenia,listed,listed_offer,True,,missing,https://franchising.pl/franczyza/2310/mazfor/
MałyInżynier.pl,mayinzynier-pl,,other,Pozostałe,listed,listed_offer,True,,missing,https://franchising.pl/franczyza/1033/malyinzynier-pl/
McDonald’s,mcdonalds,McDonald's,gastronomy,Gastronomia,listed,listed_offer,True,,missing,https://franchising.pl/franczyza/38/mcdonalds/ | https://franczyzawpolsce.pl/baza-sieci/gastronomia/franczyza-mcdonald-s/
Metrohouse,metrohouse,METROHOUSE,property,Nieruchomości,listed,listed_offer,True,,missing,https://franchising.pl/franczyza/950/metrohouse/ | https://franczyzawpolsce.pl/baza-sieci/nieruchomosci/metrohouse/
mFinanse,mfinanse,,finance,Finanse i ubezpieczenia,listed,listed_offer,True,,missing,https://franchising.pl/franczyza/1911/mfinanse/
Millennium Bank,millennium-bank,,finance,Finanse i ubezpieczenia,listed,listed_offer,True,,missing,https://franchising.pl/franczyza/2078/millennium-bank/
Ministerstwo Śledzia i Wódki 2.0,ministerstwo-sledzia-i-wodki-2-0,,food-retail,Artykuły spożywcze,listed,listed_offer,True,,missing,https://franchising.pl/franczyza/1184/ministerstwo-sledzia-wodki-2-0/
Mito Sushi,mito-sushi,,gastronomy,Gastronomia,listed,listed_offer,True,,missing,https://franchising.pl/franczyza/2424/mito-sushi/
Mokra Włoszka,mokra-woszka,,other,Pozostałe,listed,listed_offer,True,,missing,https://franchising.pl/franczyza/2402/mokra-wloszka/
Molton,molton,,fashion,Odzież i obuwie,listed,listed_offer,True,,missing,https://franchising.pl/franczyza/2412/molton/
Monetia,monetia,MONETIA,finance,Finanse i ubezpieczenia,listed,listed_offer,True,,missing,https://franchising.pl/franczyza/192/monetia/ | https://franczyzawpolsce.pl/baza-sieci/finanse-i-ubezpieczenia/monetia/
Moodo,moodo,,fashion,Odzież i obuwie,listed,listed_offer,True,,missing,https://franchising.pl/franczyza/334/moodo/
Mr. Kebab,mr-kebab,,gastronomy,Gastronomia,listed,listed_offer,True,,missing,https://franchising.pl/franczyza/1853/mr-kebab/
Mydlarnia u Franciszka,mydlarnia-u-franciszka,,beauty,Uroda i kosmetyki,listed,listed_offer,True,,missing,https://franchising.pl/franczyza/731/mydlarnia-franciszka/
Nano Gym,nano-gym,,health-fitness,Sport i zdrowie,listed,listed_offer,True,,missing,https://franchising.pl/franczyza/2378/nano-gym/
Nasz Sklep,nasz-sklep,,food-retail,Artykuły spożywcze,uncertain,unknown,True,https://www.naszsklep.pl,unverified_seed,https://www.naszsklep.pl
Nest Bank,nest-bank,,finance,Finanse i ubezpieczenia,listed,listed_offer,True,,missing,https://franchising.pl/franczyza/1791/nest-bank/
New York Pizza Department,new-york-pizza-department,,other,Pozostałe,listed,listed_offer,True,,missing,https://franchising.pl/franczyza/1589/new-york-pizza-department/
NEXTERIO,nexterio,,home-garden,Dom i ogród,listed,listed_offer,True,,missing,https://franczyzawpolsce.pl/baza-sieci/wszystko-dla-domu-i-ogrodu/nexterio/
Niewinni Czarodzieje Trzyzero,niewinni-czarodzieje-trzyzero,,gastronomy,Gastronomia,listed,listed_offer,True,,missing,https://franchising.pl/franczyza/2346/niewinni-czarodzieje-trzyzero/
North Fish,north-fish,,gastronomy,Gastronomia,inactive,not_recruiting,False,,missing,https://www.rp.pl/ekonomia/art44470521-upadek-sieci-north-fish-pracownicy-czekaja-na-wynagrodzenie | https://www.trojmiasto.pl/biznes/North-Fish-znika-z-Trojmiasta-Siec-zamyka-lokale-w-Gdansku-i-Gdyni-n216796.html
Northgate Logistics,northgate-logistics,,other,Pozostałe,listed,listed_offer,True,,missing,https://franchising.pl/franczyza/1971/northgate-logistics/
Nova House,nova-house,,retail,Handel detaliczny,listed,listed_offer,True,,missing,https://franchising.pl/franczyza/2408/nova-house/
OJOO,ojoo,,gastronomy,Gastronomia,listed,listed_offer,True,,missing,https://franchising.pl/franczyza/2397/ojoo/
Orange,orange,,services,Usługi dla konsumentów,listed,listed_offer,True,,missing,https://franchising.pl/franczyza/2011/orange/ | https://franchising.pl/franczyza/1949/orange/
Orient Massage & Thai Organic,orient-massage-and-thai-organic,,other,Pozostałe,listed,listed_offer,True,,missing,https://franchising.pl/franczyza/1976/orient-massage-thai-organic/
Oskroba,oskroba,,food-retail,Artykuły spożywcze,listed,listed_offer,True,,missing,https://franchising.pl/franczyza/835/oskroba/
Ośrodek Podologiczny,osrodek-podologiczny,,services,Usługi dla konsumentów,listed,listed_offer,True,,missing,https://franczyzawpolsce.pl/baza-sieci/uslugi-dla-klientow-indywidualnych/osrodek-podologiczny/
Pako Jeans,pako-jeans,,fashion,Odzież i obuwie,listed,listed_offer,True,,missing,https://franchising.pl/franczyza/1992/pako-jeans/
Papa John’s,papa-johns,,other,Pozostałe,listed,listed_offer,True,,missing,https://franchising.pl/franczyza/633/papa-johns/
PapaGyros,papagyros,,gastronomy,Gastronomia,listed,listed_offer,True,,missing,https://franchising.pl/franczyza/2387/papagyros/
Para Bar,para-bar,,gastronomy,Gastronomia,listed,listed_offer,True,,missing,https://franchising.pl/franczyza/2405/para-bar/
Paradise Studio Solarium,paradise-studio-solarium,,other,Pozostałe,listed,listed_offer,True,,missing,https://franchising.pl/franczyza/2379/paradise-studio-solarium/
Parki Rozrywki #KochamSkakać,parki-rozrywki-kochamskakac,,other,Pozostałe,listed,listed_offer,True,,missing,https://franchising.pl/franczyza/2411/parki-rozrywki-kochamskakac/
Perfect Look Clinic,perfect-look-clinic,,beauty,Uroda i kosmetyki,listed,listed_offer,True,,missing,https://franchising.pl/franczyza/2048/perfect-look-clinic/
Piekarnia Grzybki,piekarnia-grzybki,,food-retail,Artykuły spożywcze,uncertain,unknown,True,https://www.grzybki.pl,unverified_seed,https://www.grzybki.pl
Pierrot Woda Źródlana,pierrot-woda-zrodlana,,other,Pozostałe,listed,listed_offer,True,,missing,https://franchising.pl/franczyza/1483/pierrot-woda-zrodlana/
Pijalnia Wódki i Piwa,pijalnia-wodki-i-piwa,,other,Pozostałe,listed,listed_offer,True,,missing,https://franchising.pl/franczyza/1852/pijalnia-wodki-piwa/
Pijalnie Czekolady E.Wedel,pijalnie-czekolady-e-wedel,,gastronomy,Gastronomia,listed,listed_offer,True,,missing,https://franchising.pl/franczyza/601/pijalnie-czekolady-e-wedel/
Piko24,piko24,,retail,Handel detaliczny,listed,listed_offer,True,,missing,https://franchising.pl/franczyza/2407/piko24/
Pizza Hut,pizza-hut,,other,Pozostałe,listed,listed_offer,True,,missing,https://franchising.pl/franczyza/2041/pizza-hut/
Pizzeria Biesiadowo,pizzeria-biesiadowo,,gastronomy,Gastronomia,uncertain,unknown,True,https://biesiadowo.pl,unverified_seed,https://biesiadowo.pl
Pizzeria Stopiątka,pizzeria-stopiatka,,other,Pozostałe,listed,listed_offer,True,,missing,https://franchising.pl/franczyza/770/pizzeria-stopiatka/
Pizzeria Tibesti2GO,pizzeria-tibesti2go,Pizzeria Tibesti2Go,gastronomy,Gastronomia,listed,listed_offer,True,,missing,https://franchising.pl/franczyza/2313/pizzeria-tibesti2go/ | https://franczyzawpolsce.pl/baza-sieci/gastronomia/pizzeria-tibesti2go/
Platinum Active EMS,platinum-active-ems,,health-fitness,Sport i zdrowie,listed,listed_offer,True,,missing,https://franchising.pl/franczyza/2329/platinum-active-ems/
Play,play,,services,Usługi dla konsumentów,listed,listed_offer,True,,missing,https://franchising.pl/franczyza/1527/play/
Przybij Piątaka,przybij-piataka,,other,Pozostałe,listed,listed_offer,True,,missing,https://franchising.pl/franczyza/2377/przybij-piataka/
PSB Mrówka,psb-mrowka,,retail,Handel detaliczny,listed,listed_offer,True,,missing,https://franchising.pl/franczyza/1696/psb-mrowka/ | https://franczyzawpolsce.pl/baza-sieci/wszystko-dla-domu-i-ogrodu/psb-mrowka/
Pączkownia Smak Sprzed Lat,paczkownia-smak-sprzed-lat,,other,Pozostałe,listed,listed_offer,True,,missing,https://franchising.pl/franczyza/2179/paczkownia-smak-sprzed-lat/
Quark Kantory Bitcoin,quark-kantory-bitcoin,QUARK KANTORY BITCOIN,finance,Finanse i ubezpieczenia,listed,listed_offer,True,,missing,https://franchising.pl/franczyza/2250/quark-kantory-bitcoin/ | https://franczyzawpolsce.pl/baza-sieci/finanse-i-ubezpieczenia/quark-kantory-bitcoin/
Quick Ride,quick-ride,,other,Pozostałe,listed,listed_offer,True,,missing,https://franchising.pl/franczyza/2044/quick-ride/
RE/MAX,remax,RE/MAX | Re/Max Polska,property,Nieruchomości,listed,listed_offer,True,https://www.remax-polska.pl,unverified_seed,https://franchising.pl/franczyza/617/re-max-polska/ | https://franczyzawpolsce.pl/baza-sieci/nieruchomosci/re-max/ | https://www.remax-polska.pl
Reporter,reporter,,fashion,Odzież i obuwie,listed,listed_offer,True,,missing,https://franchising.pl/franczyza/430/reporter/
Restart,restart,,other,Pozostałe,listed,listed_offer,True,,missing,https://franchising.pl/franczyza/2353/restart/
Rozkminki,rozkminki,,education,Edukacja,listed,listed_offer,True,,missing,https://franchising.pl/franczyza/2428/rozkminki/
Santander Consumer Bank,santander-consumer-bank,,finance,Finanse i ubezpieczenia,listed,listed_offer,True,,missing,https://franchising.pl/franczyza/2362/santander-consumer-bank/
Sayuri Sushi,sayuri-sushi,,gastronomy,Gastronomia,listed,listed_offer,True,,missing,https://franchising.pl/franczyza/2238/sayuri-sushi/
Scientific kitchnette,scientific-kitchnette,,education,Edukacja,listed,listed_offer,True,,missing,https://franchising.pl/franczyza/2438/scientific-kitchnette/
Sempre Nieruchomości,sempre-nieruchomosci,,property,Nieruchomości,listed,listed_offer,True,,missing,https://franchising.pl/franczyza/2360/sempre-nieruchomosci/
Ship Center,ship-center,,services,Usługi dla konsumentów,listed,listed_offer,True,,missing,https://franchising.pl/franczyza/1388/ship-center/
SKLEPY MEDYCZNE SAMO ZDROWIE,sklepy-medyczne-samo-zdrowie,,health-fitness,Sport i zdrowie,listed,listed_offer,True,,missing,https://franczyzawpolsce.pl/baza-sieci/sport-i-zdrowie/sklepy-medyczne-samo-zdrowie/
Sklepy Medyczne Zdrowie,sklepy-medyczne-zdrowie,,health-fitness,Sport i zdrowie,listed,listed_offer,True,,missing,https://franchising.pl/franczyza/885/sklepy-medyczne-zdrowie/
SmartyKids,smartykids,,education,Edukacja,listed,listed_offer,True,,missing,https://franchising.pl/franczyza/2371/smartykids/
So Coffee,so-coffee,,gastronomy,Gastronomia,listed,listed_offer,True,,missing,https://franchising.pl/franczyza/1655/so-coffee/
Socatots,socatots,,health-fitness,Sport i zdrowie,listed,listed_offer,True,,missing,https://franchising.pl/franczyza/845/socatots/
SOCATOTS - PIŁKARSKIE MALUSZKI!,socatots-pikarskie-maluszki,,education,Edukacja,listed,listed_offer,True,,missing,https://franczyzawpolsce.pl/baza-sieci/edukacja/socatots-pilkarskie-maluszki/
SPAR,spar,,food-retail,Artykuły spożywcze,uncertain,unknown,True,https://www.spar.pl,unverified_seed,https://www.spar.pl
Speed Queen,speed-queen,,other,Pozostałe,listed,listed_offer,True,,missing,https://franchising.pl/franczyza/1593/speed-queen/
Sphinx,sphinx,,gastronomy,Gastronomia,uncertain,unknown,True,https://sphinx.pl,unverified_seed,https://sphinx.pl
Stokrotka,stokrotka,,food-retail,Artykuły spożywcze,listed,listed_offer,True,,missing,https://franchising.pl/franczyza/1492/stokrotka/
Studio Figura,studio-figura,,other,Pozostałe,listed,listed_offer,True,,missing,https://franchising.pl/franczyza/1443/studio-figura/
Studio Synergy,studio-synergy,,health-fitness,Sport i zdrowie,listed,listed_offer,True,,missing,https://franchising.pl/franczyza/2035/studio-synergy/ | https://franczyzawpolsce.pl/baza-sieci/sport-i-zdrowie/studio-synergy/
Subway,subway,,gastronomy,Gastronomia,active,unknown,True,https://mysubway.pl/,unverified_seed,https://amicenergy.pl/pl/produkty-i-uslugi/subway
Sushi Bistro,sushi-bistro,,gastronomy,Gastronomia,listed,listed_offer,True,,missing,https://franchising.pl/franczyza/2136/sushi-bistro/
Sweet Fit & Eat,sweet-fit-and-eat,,gastronomy,Gastronomia,listed,listed_offer,True,,missing,https://franchising.pl/franczyza/2437/sweet-fit-eat/ | https://franczyzawpolsce.pl/baza-sieci/gastronomia/sweet-fit-eat/
Synevo Punkty Pobrań,synevo-punkty-pobran,,health-fitness,Sport i zdrowie,listed,listed_offer,True,,missing,https://franchising.pl/franczyza/2393/synevo-punkty-pobran/ | https://franczyzawpolsce.pl/baza-sieci/sport-i-zdrowie/synevo-punkty-pobran/
T-Pizza,t-pizza,,other,Pozostałe,listed,listed_offer,True,,missing,https://franchising.pl/franczyza/62/t-pizza/
Tax Safe Biuro Rachunkowe,tax-safe-biuro-rachunkowe,,other,Pozostałe,listed,listed_offer,True,,missing,https://franchising.pl/franczyza/1549/tax-safe-biuro-rachunkowe/
Teletorium,teletorium,TELETORIUM,services,Usługi dla konsumentów,listed,listed_offer,True,,missing,https://franchising.pl/franczyza/815/teletorium/ | https://franczyzawpolsce.pl/baza-sieci/akcesoria-i-dodatki/teletorium/
Thai Bali Spa,thai-bali-spa,,other,Pozostałe,listed,listed_offer,True,,missing,https://franchising.pl/franczyza/2349/thai-bali-spa/
The Real Pizza Company,the-real-pizza-company,,other,Pozostałe,listed,listed_offer,True,,missing,https://franchising.pl/franczyza/2415/the-real-pizza-company/
The White Bear Coffee,the-white-bear-coffee,,gastronomy,Gastronomia,listed,listed_offer,True,,missing,https://franchising.pl/franczyza/2177/the-white-bear-coffee/
Tokyo Chessecake Bakery,tokyo-chessecake-bakery,,other,Pozostałe,listed,listed_offer,True,,missing,https://franchising.pl/franczyza/2420/tokyo-chessecake-bakery/
Top Kebab,top-kebab,,gastronomy,Gastronomia,listed,listed_offer,True,,missing,https://franchising.pl/franczyza/2426/top-kebab/
Top Secret,top-secret,TOP SECRET,fashion,Odzież i obuwie,listed,listed_offer,True,,missing,https://franchising.pl/franczyza/723/top-secret/ | https://franczyzawpolsce.pl/baza-sieci/odziez-i-obuwie/top-secret/
U Lodziarzy Wytwórnia Lodów Polskich,u-lodziarzy-wytwornia-lodow-polskich,,gastronomy,Gastronomia,listed,listed_offer,True,,missing,https://franchising.pl/franczyza/1647/lodziarzy-wytwornia-lodow-polskich/
Unikat Woda i Napoje,unikat-woda-i-napoje,,other,Pozostałe,listed,listed_offer,True,,missing,https://franchising.pl/franczyza/2307/unikat-woda-napoje/
United Chicken,united-chicken,,gastronomy,Gastronomia,listed,listed_offer,True,,missing,https://franchising.pl/franczyza/1630/united-chicken/
Up In Smoke,up-in-smoke,,gastronomy,Gastronomia,listed,listed_offer,True,,missing,https://franchising.pl/franczyza/2439/up-in-smoke/
Upadłości - Ekspert,upadosci-ekspert,,property,Nieruchomości,listed,listed_offer,True,,missing,https://franchising.pl/franczyza/2181/upadlosci-ekspert/
VeloBank,velobank,,finance,Finanse i ubezpieczenia,listed,listed_offer,True,,missing,https://franchising.pl/franczyza/735/velobank/
Verbatoria,verbatoria,,other,Pozostałe,listed,listed_offer,True,,missing,https://franchising.pl/franczyza/2211/verbatoria/
Vincent,vincent,,gastronomy,Gastronomia,listed,listed_offer,True,,missing,https://franczyzawpolsce.pl/baza-sieci/gastronomia/vincent-cafe/
VisionOptyk Bliżej Ciebie,visionoptyk-blizej-ciebie,,other,Pozostałe,listed,listed_offer,True,,missing,https://franchising.pl/franczyza/969/visionoptyk-blizej-ciebie/
Wakacje.pl,wakacje-pl,,other,Pozostałe,listed,listed_offer,True,,missing,https://franchising.pl/franczyza/1316/wakacje-pl/
Wendy’s,wendys,,gastronomy,Gastronomia,listed,listed_offer,True,,missing,https://franchising.pl/franczyza/2358/wendys/
WESTATE Premium Franchise,westate-premium-franchise,,property,Nieruchomości,listed,listed_offer,True,,missing,https://franchising.pl/franczyza/2425/westate-premium-franchise/
Willisch,willisch,,gastronomy,Gastronomia,listed,listed_offer,True,,missing,https://franchising.pl/franczyza/1725/willisch/
Xtreme Fitness Gyms,xtreme-fitness-gyms,,health-fitness,Sport i zdrowie,listed,listed_offer,True,,missing,https://franchising.pl/franczyza/1689/xtreme-fitness-gyms/
Xtreme KiDS,xtreme-kids,,other,Pozostałe,listed,listed_offer,True,,missing,https://franchising.pl/franczyza/2372/xtreme-kids/
YASUMI,yasumi,Yasumi Instytut Zdrowia i Urody,beauty,Uroda i kosmetyki,listed,listed_offer,True,https://yasumi.pl,unverified_seed,https://franchising.pl/franczyza/571/yasumi-instytut-zdrowia-urody/ | https://yasumi.pl
Yves Rocher,yves-rocher,,beauty,Uroda i kosmetyki,listed,listed_offer,True,,missing,https://franchising.pl/franczyza/66/yves-rocher/
Zahir Kebab,zahir-kebab,,gastronomy,Gastronomia,active,unknown,True,https://zahirkebab.pl/,unverified_seed,https://zahirkebab.pl/o-nas/
Żabka,zabka,,retail,Handel detaliczny,listed,listed_offer,True,,missing,https://franchising.pl/franczyza/631/zabka/
ŻABKA POLSKA,zabka-polska,,food-retail,Artykuły spożywcze,listed,listed_offer,True,,missing,https://franczyzawpolsce.pl/baza-sieci/artykuly-spozywcze/zabka-polska/
ŻarWok,zarwok,,gastronomy,Gastronomia,listed,listed_offer,True,,missing,https://franchising.pl/franczyza/2175/zarwok/
